[{"id":1,"first_name":"Adi","last_name":"Raj","email":"123@gmail.com","gender":"Male","date_of_birth":"2/3/2022","age":25,"state":"Tamilnadu","phone":"2107768258"},
{"id":2,"first_name":"Bala","last_name":"Kumar","email":"234@gmail.com.cn","gender":"Male","date_of_birth":"3/16/2022","age":47,"state":"Kerala","phone":"5981931450"},
{"id":3,"first_name":"Sita","last_name":"Rama","email":"345@gmail.net","gender":"Female","date_of_birth":"2/2/2022","age":60,"state":"Karnataka","phone":"1761395128"},
{"id":4,"first_name":"Deep","last_name":"Raj","email":"567@intel.com","gender":"Male","date_of_birth":"4/18/2022","age":34,"state":"Kerala","phone":"3372973788"},
{"id":5,"first_name":"Mini","last_name":"Mary","email":"789@bloglovin.com","gender":"Female","date_of_birth":"11/17/2021","age":22,"state":"Goa","phone":"8161423968"}]
